上市櫃,Ticker,Company names,Cleaned company names
上市,1101,台泥,台泥
上市,1102,亞泥,亞泥
上市,1103,嘉泥,嘉泥
上市,1104,環泥,環泥
上市,1108,幸福,幸福
上市,1109,信大,信大
上市,1110,東泥,東泥
上市,1201,味全,味全
上市,1203,味王,味王
上市,1210,大成,大成
上市,1213,大飲,大飲
上市,1215,卜蜂,卜蜂
上市,1216,統一,統一
上市,1217,愛之味,愛之味
上市,1218,泰山,泰山
上市,1219,福壽,福壽
上市,1220,台榮,台榮
上市,1225,福懋油,福懋油
上市,1227,佳格,佳格
上市,1229,聯華,聯華
上市,1231,聯華食,聯華食
上市,1232,大統益,大統益
上市,1233,天仁,天仁
上市,1234,黑松,黑松
上市,1235,興泰,興泰
上市,1236,宏亞,宏亞
上市,1256,鮮活果汁-KY,鮮活果汁
上市,1301,台塑,台塑
上市,1303,南亞,南亞
上市,1304,台聚,台聚
上市,1305,華夏,華夏
上市,1307,三芳,三芳
上市,1308,亞聚,亞聚
上市,1309,台達化,台達化
上市,1310,台苯,台苯
上市,1312,國喬,國喬
上市,1313,聯成,聯成
上市,1314,中石化,中石化
上市,1315,達新,達新
上市,1316,上曜,上曜
上市,1319,東陽,東陽
上市,1321,大洋,大洋
上市,1323,永裕,永裕
上市,1324,地球,地球
上市,1325,恆大,恆大
上市,1326,台化,台化
上市,1337,再生-KY,再生
上市,1338,廣華-KY,廣華
上市,1339,昭輝,昭輝
上市,1340,勝悅-KY,勝悅
上市,1341,富林-KY,富林
上市,1342,八貫,八貫
上市,1402,遠東新,遠東新
上市,1409,新纖,新纖
上市,1410,南染,南染
上市,1413,宏洲,宏洲
上市,1414,東和,東和
上市,1416,廣豐,廣豐
上市,1417,嘉裕,嘉裕
上市,1418,東華,東華
上市,1419,新紡,新紡
上市,1423,利華,利華
上市,1432,大魯閣,大魯閣
上市,1434,福懋,福懋
上市,1435,中福,中福
上市,1436,華友聯,華友聯
上市,1437,勤益控,勤益控
上市,1438,三地開發,三地開發
上市,1439,雋揚,雋揚
上市,1440,南紡,南紡
上市,1441,大東,大東
上市,1442,名軒,名軒
上市,1443,立益物流,立益物流
上市,1444,力麗,力麗
上市,1445,大宇,大宇
上市,1446,宏和,宏和
上市,1447,力鵬,力鵬
上市,1449,佳和,佳和
上市,1451,年興,年興
上市,1452,宏益,宏益
上市,1453,大將,大將
上市,1454,台富,台富
上市,1455,集盛,集盛
上市,1456,怡華,怡華
上市,1457,宜進,宜進
上市,1459,聯發,聯發
上市,1460,宏遠,宏遠
上市,1463,強盛新,強盛新
上市,1464,得力,得力
上市,1465,偉全,偉全
上市,1466,聚隆,聚隆
上市,1467,南緯,南緯
上市,1468,昶和,昶和
上市,1470,大統新創,大統新創
上市,1471,首利,首利
上市,1472,三洋實業,三洋實業
上市,1473,台南,台南
上市,1474,弘裕,弘裕
上市,1475,業旺,業旺
上市,1476,儒鴻,儒鴻
上市,1477,聚陽,聚陽
上市,1503,士電,士電
上市,1504,東元,東元
上市,1506,正道,正道
上市,1512,瑞利,瑞利
上市,1513,中興電,中興電
上市,1514,亞力,亞力
上市,1515,力山,力山
上市,1516,川飛,川飛
上市,1517,利奇,利奇
上市,1519,華城,華城
上市,1521,大億,大億
上市,1522,堤維西,堤維西
上市,1524,耿鼎,耿鼎
上市,1525,江申,江申
上市,1526,日馳,日馳
上市,1527,鑽全,鑽全
上市,1528,恩德,恩德
上市,1529,樂事綠能,樂事綠能
上市,1530,亞崴,亞崴
上市,1531,高林股,高林股
上市,1532,勤美,勤美
上市,1533,車王電,車王電
上市,1535,中宇,中宇
上市,1536,和大,和大
上市,1537,廣隆,廣隆
上市,1538,正峰,正峰
上市,1539,巨庭,巨庭
上市,1540,喬福,喬福
上市,1541,錩泰,錩泰
上市,1558,伸興,伸興
上市,1560,中砂,中砂
上市,1563,巧新,巧新
上市,1568,倉佑,倉佑
上市,1582,信錦,信錦
上市,1583,程泰,程泰
上市,1587,吉茂,吉茂
上市,1589,永冠-KY,永冠
上市,1590,亞德客-KY,亞德客
上市,1597,直得,直得
上市,1598,岱宇,岱宇
上市,1603,華電,華電
上市,1604,聲寶,聲寶
上市,1605,華新,華新
上市,1608,華榮,華榮
上市,1609,大亞,大亞
上市,1611,中電,中電
上市,1612,宏泰,宏泰
上市,1614,三洋電,三洋電
上市,1615,大山,大山
上市,1616,億泰,億泰
上市,1617,榮星,榮星
上市,1618,合機,合機
上市,1626,艾美特-KY,艾美特
上市,1702,南僑,南僑
上市,1707,葡萄王,葡萄王
上市,1708,東鹼,東鹼
上市,1709,和益,和益
上市,1710,東聯,東聯
上市,1711,永光,永光
上市,1712,興農,興農
上市,1713,國化,國化
上市,1714,和桐,和桐
上市,1717,長興,長興
上市,1718,中纖,中纖
上市,1720,生達,生達
上市,1721,三晃,三晃
上市,1722,台肥,台肥
上市,1723,中碳,中碳
上市,1725,元禎,元禎
上市,1726,永記,永記
上市,1727,中華化,中華化
上市,1730,花仙子,花仙子
上市,1731,美吾華,美吾華
上市,1732,毛寶,毛寶
上市,1733,五鼎,五鼎
上市,1734,杏輝,杏輝
上市,1735,日勝化,日勝化
上市,1736,喬山,喬山
上市,1737,臺鹽,臺鹽
上市,1752,南光,南光
上市,1760,寶齡富錦,寶齡富錦
上市,1762,中化生,中化生
上市,1773,勝一,勝一
上市,1776,展宇,展宇
上市,1783,和康生,和康生
上市,1786,科妍,科妍
上市,1789,神隆,神隆
上市,1795,美時,美時
上市,1802,台玻,台玻
上市,1805,寶徠,寶徠
上市,1806,冠軍,冠軍
上市,1808,潤隆,潤隆
上市,1809,中釉,中釉
上市,1810,和成,和成
上市,1817,凱撒衛,凱撒衛
上市,1903,士紙,士紙
上市,1904,正隆,正隆
上市,1905,華紙,華紙
上市,1906,寶隆,寶隆
上市,1907,永豐餘,永豐餘
上市,1909,榮成,榮成
上市,2002,中鋼,中鋼
上市,2006,東和鋼鐵,東和鋼鐵
上市,2007,燁興,燁興
上市,2008,高興昌,高興昌
上市,2009,第一銅,第一銅
上市,2010,春源,春源
上市,2012,春雨,春雨
上市,2013,中鋼構,中鋼構
上市,2014,中鴻,中鴻
上市,2015,豐興,豐興
上市,2017,官田鋼,官田鋼
上市,2020,美亞,美亞
上市,2022,聚亨,聚亨
上市,2023,燁輝,燁輝
上市,2024,志聯,志聯
上市,2025,千興,千興
上市,2027,大成鋼,大成鋼
上市,2028,威致,威致
上市,2029,盛餘,盛餘
上市,2030,彰源,彰源
上市,2031,新光鋼,新光鋼
上市,2032,新鋼,新鋼
上市,2033,佳大,佳大
上市,2034,允強,允強
上市,2038,海光,海光
上市,2049,上銀,上銀
上市,2059,川湖,川湖
上市,2062,橋椿,橋椿
上市,2069,運錩,運錩
上市,2101,南港,南港
上市,2102,泰豐,泰豐
上市,2103,台橡,台橡
上市,2104,國際中橡,國際中橡
上市,2105,正新,正新
上市,2106,建大,建大
上市,2107,厚生,厚生
上市,2108,南帝,南帝
上市,2109,華豐,華豐
上市,2114,鑫永銓,鑫永銓
上市,2115,六暉-KY,六暉
上市,2201,裕隆,裕隆
上市,2204,中華,中華
上市,2206,三陽工業,三陽工業
上市,2207,和泰車,和泰車
上市,2208,台船,台船
上市,2211,長榮鋼,長榮鋼
上市,2227,裕日車,裕日車
上市,2228,劍麟,劍麟
上市,2231,為升,為升
上市,2233,宇隆,宇隆
上市,2236,百達-KY,百達
上市,2239,英利-KY,英利
上市,2241,艾姆勒,艾姆勒
上市,2243,宏旭-KY,宏旭
上市,2247,汎德永業,汎德永業
上市,2248,華勝-KY,華勝
上市,2250,IKKA-KY,IKKA
上市,2301,光寶科,光寶科
上市,2302,麗正,麗正
上市,2303,聯電,聯電
上市,2305,全友,全友
上市,2308,台達電,台達電
上市,2312,金寶,金寶
上市,2313,華通,華通
上市,2314,台揚,台揚
上市,2316,楠梓電,楠梓電
上市,2317,鴻海,鴻海
上市,2321,東訊,東訊
上市,2323,中環,中環
上市,2324,仁寶,仁寶
上市,2327,國巨*,國巨
上市,2328,廣宇,廣宇
上市,2329,華泰,華泰
上市,2330,台積電,台積電
上市,2331,精英,精英
上市,2332,友訊,友訊
上市,2337,旺宏,旺宏
上市,2338,光罩,光罩
上市,2340,台亞,台亞
上市,2342,茂矽,茂矽
上市,2344,華邦電,華邦電
上市,2345,智邦,智邦
上市,2347,聯強,聯強
上市,2348,海悅,海悅
上市,2349,錸德,錸德
上市,2351,順德,順德
上市,2352,佳世達,佳世達
上市,2353,宏碁,宏碁
上市,2354,鴻準,鴻準
上市,2355,敬鵬,敬鵬
上市,2356,英業達,英業達
上市,2357,華碩,華碩
上市,2359,所羅門,所羅門
上市,2360,致茂,致茂
上市,2362,藍天,藍天
上市,2363,矽統,矽統
上市,2364,倫飛,倫飛
上市,2365,昆盈,昆盈
上市,2367,燿華,燿華
上市,2368,金像電,金像電
上市,2369,菱生,菱生
上市,2371,大同,大同
上市,2373,震旦行,震旦行
上市,2374,佳能,佳能
上市,2375,凱美,凱美
上市,2376,技嘉,技嘉
上市,2377,微星,微星
上市,2379,瑞昱,瑞昱
上市,2380,虹光,虹光
上市,2382,廣達,廣達
上市,2383,台光電,台光電
上市,2385,群光,群光
上市,2387,精元,精元
上市,2388,威盛,威盛
上市,2390,云辰,云辰
上市,2392,正崴,正崴
上市,2393,億光,億光
上市,2395,研華,研華
上市,2397,友通,友通
上市,2399,映泰,映泰
上市,2401,凌陽,凌陽
上市,2402,毅嘉,毅嘉
上市,2404,漢唐,漢唐
上市,2405,輔信,輔信
上市,2406,國碩,國碩
上市,2408,南亞科,南亞科
上市,2409,友達,友達
上市,2412,中華電,中華電
上市,2413,環科,環科
上市,2414,精技,精技
上市,2415,錩新,錩新
上市,2417,圓剛,圓剛
上市,2419,仲琦,仲琦
上市,2420,新巨,新巨
上市,2421,建準,建準
上市,2423,固緯,固緯
上市,2424,隴華,隴華
上市,2425,承啟,承啟
上市,2426,鼎元,鼎元
上市,2427,三商電,三商電
上市,2428,興勤,興勤
上市,2429,銘旺科,銘旺科
上市,2430,燦坤,燦坤
上市,2431,聯昌,聯昌
上市,2433,互盛電,互盛電
上市,2434,統懋,統懋
上市,2436,偉詮電,偉詮電
上市,2438,翔耀,翔耀
上市,2439,美律,美律
上市,2440,太空梭,太空梭
上市,2441,超豐,超豐
上市,2442,新美齊,新美齊
上市,2444,兆勁,兆勁
上市,2449,京元電子,京元電子
上市,2450,神腦,神腦
上市,2451,創見,創見
上市,2453,凌群,凌群
上市,2454,聯發科,聯發科
上市,2455,全新,全新
上市,2457,飛宏,飛宏
上市,2458,義隆,義隆
上市,2459,敦吉,敦吉
上市,2460,建通,建通
上市,2461,光群雷,光群雷
上市,2462,良得電,良得電
上市,2464,盟立,盟立
上市,2465,麗臺,麗臺
上市,2466,冠西電,冠西電
上市,2467,志聖,志聖
上市,2468,華經,華經
上市,2471,資通,資通
上市,2472,立隆電,立隆電
上市,2474,可成,可成
上市,2476,鉅祥,鉅祥
上市,2477,美隆電,美隆電
上市,2478,大毅,大毅
上市,2480,敦陽科,敦陽科
上市,2481,強茂,強茂
上市,2482,連宇,連宇
上市,2483,百容,百容
上市,2484,希華,希華
上市,2485,兆赫,兆赫
上市,2486,一詮,一詮
上市,2488,漢平,漢平
上市,2489,瑞軒,瑞軒
上市,2491,吉祥全,吉祥全
上市,2492,華新科,華新科
上市,2493,揚博,揚博
上市,2495,普安,普安
上市,2496,卓越,卓越
上市,2497,怡利電,怡利電
上市,2498,宏達電,宏達電
上市,2501,國建,國建
上市,2504,國產,國產
上市,2505,國揚,國揚
上市,2506,太設,太設
上市,2509,全坤建,全坤建
上市,2511,太子,太子
上市,2514,龍邦,龍邦
上市,2515,中工,中工
上市,2516,新建,新建
上市,2520,冠德,冠德
上市,2524,京城,京城
上市,2527,宏璟,宏璟
上市,2528,皇普,皇普
上市,2530,華建,華建
上市,2534,宏盛,宏盛
上市,2535,達欣工,達欣工
上市,2536,宏普,宏普
上市,2537,聯上發,聯上發
上市,2538,基泰,基泰
上市,2539,櫻花建,櫻花建
上市,2540,愛山林,愛山林
上市,2542,興富發,興富發
上市,2543,皇昌,皇昌
上市,2545,皇翔,皇翔
上市,2546,根基,根基
上市,2547,日勝生,日勝生
上市,2548,華固,華固
上市,2597,潤弘,潤弘
上市,2601,益航,益航
上市,2603,長榮,長榮
上市,2605,新興,新興
上市,2606,裕民,裕民
上市,2607,榮運,榮運
上市,2608,嘉里大榮,嘉里大榮
上市,2609,陽明,陽明
上市,2610,華航,華航
上市,2611,志信,志信
上市,2612,中航,中航
上市,2613,中櫃,中櫃
上市,2614,東森,東森
上市,2615,萬海,萬海
上市,2616,山隆,山隆
上市,2617,台航,台航
上市,2618,長榮航,長榮航
上市,2630,亞航,亞航
上市,2633,台灣高鐵,台灣高鐵
上市,2634,漢翔,漢翔
上市,2636,台驊控股,台驊控股
上市,2637,慧洋-KY,慧洋
上市,2642,宅配通,宅配通
上市,2645,長榮航太,長榮航太
上市,2646,星宇航空,星宇航空
上市,2701,萬企,萬企
上市,2702,華園,華園
上市,2704,國賓,國賓
上市,2705,六福,六福
上市,2706,第一店,第一店
上市,2707,晶華,晶華
上市,2712,遠雄來,遠雄來
上市,2722,夏都,夏都
上市,2723,美食-KY,美食
上市,2727,王品,王品
上市,2731,雄獅,雄獅
上市,2739,寒舍,寒舍
上市,2748,雲品,雲品
上市,2753,八方雲集,八方雲集
上市,2762,世界健身-KY,世界健身
上市,2801,彰銀,彰銀
上市,2809,京城銀,京城銀
上市,2812,台中銀,台中銀
上市,2816,旺旺保,旺旺保
上市,2820,華票,華票
上市,2832,台產,台產
上市,2834,臺企銀,臺企銀
上市,2836,高雄銀,高雄銀
上市,2838,聯邦銀,聯邦銀
上市,2845,遠東銀,遠東銀
上市,2849,安泰銀,安泰銀
上市,2850,新產,新產
上市,2851,中再保,中再保
上市,2852,第一保,第一保
上市,2855,統一證,統一證
上市,2867,三商壽,三商壽
上市,2880,華南金,華南金
上市,2881,富邦金,富邦金
上市,2882,國泰金,國泰金
上市,2883,凱基金,凱基金
上市,2884,玉山金,玉山金
上市,2885,元大金,元大金
上市,2886,兆豐金,兆豐金
上市,2887,台新金,台新金
上市,2889,國票金,國票金
上市,2890,永豐金,永豐金
上市,2891,中信金,中信金
上市,2892,第一金,第一金
上市,2897,王道銀行,王道銀行
上市,2901,欣欣,欣欣
上市,2903,遠百,遠百
上市,2904,匯僑,匯僑
上市,2905,三商,三商
上市,2906,高林,高林
上市,2908,特力,特力
上市,2910,統領,統領
上市,2911,麗嬰房,麗嬰房
上市,2912,統一超,統一超
上市,2913,農林,農林
上市,2915,潤泰全,潤泰全
上市,2923,鼎固-KY,鼎固
上市,2929,淘帝-KY,淘帝
上市,2939,永邑-KY,永邑
上市,2945,三商家購,三商家購
上市,3002,歐格,歐格
上市,3003,健和興,健和興
上市,3004,豐達科,豐達科
上市,3005,神基,神基
上市,3006,晶豪科,晶豪科
上市,3008,大立光,大立光
上市,3010,華立,華立
上市,3011,今皓,今皓
上市,3013,晟銘電,晟銘電
上市,3014,聯陽,聯陽
上市,3015,全漢,全漢
上市,3016,嘉晶,嘉晶
上市,3017,奇鋐,奇鋐
上市,3018,隆銘綠能,隆銘綠能
上市,3019,亞光,亞光
上市,3021,鴻名,鴻名
上市,3022,威強電,威強電
上市,3023,信邦,信邦
上市,3024,憶聲,憶聲
上市,3025,星通,星通
上市,3026,禾伸堂,禾伸堂
上市,3027,盛達,盛達
上市,3028,增你強,增你強
上市,3029,零壹,零壹
上市,3030,德律,德律
上市,3031,佰鴻,佰鴻
上市,3032,偉訓,偉訓
上市,3033,威健,威健
上市,3034,聯詠,聯詠
上市,3035,智原,智原
上市,3036,文曄,文曄
上市,3037,欣興,欣興
上市,3038,全台,全台
上市,3040,遠見,遠見
上市,3041,揚智,揚智
上市,3042,晶技,晶技
上市,3043,科風,科風
上市,3044,健鼎,健鼎
上市,3045,台灣大,台灣大
上市,3046,建碁,建碁
上市,3047,訊舟,訊舟
上市,3048,益登,益登
上市,3049,精金,精金
上市,3050,鈺德,鈺德
上市,3051,力特,力特
上市,3052,夆典,夆典
上市,3054,立萬利,立萬利
上市,3055,蔚華科,蔚華科
上市,3056,富華新,富華新
上市,3057,喬鼎,喬鼎
上市,3058,立德,立德
上市,3059,華晶科,華晶科
上市,3060,銘異,銘異
上市,3062,建漢,建漢
上市,3090,日電貿,日電貿
上市,3092,鴻碩,鴻碩
上市,3094,聯傑,聯傑
上市,3130,一零四,一零四
上市,3135,凌航,凌航
上市,3138,耀登,耀登
上市,3149,正達,正達
上市,3164,景岳,景岳
上市,3167,大量,大量
上市,3168,眾福科,眾福科
上市,3189,景碩,景碩
上市,3209,全科,全科
上市,3229,晟鈦,晟鈦
上市,3231,緯創,緯創
上市,3257,虹冠電,虹冠電
上市,3266,昇陽,昇陽
上市,3296,勝德,勝德
上市,3305,昇貿,昇貿
上市,3308,聯德,聯德
上市,3311,閎暉,閎暉
上市,3312,弘憶股,弘憶股
上市,3321,同泰,同泰
上市,3338,泰碩,泰碩
上市,3346,麗清,麗清
上市,3356,奇偶,奇偶
上市,3376,新日興,新日興
上市,3380,明泰,明泰
上市,3406,玉晶光,玉晶光
上市,3413,京鼎,京鼎
上市,3416,融程電,融程電
上市,3419,譁裕,譁裕
上市,3432,台端,台端
上市,3437,榮創,榮創
上市,3443,創意,創意
上市,3447,展達,展達
上市,3450,聯鈞,聯鈞
上市,3454,晶睿,晶睿
上市,3481,群創,群創
上市,3494,誠研,誠研
上市,3501,維熹,維熹
上市,3504,揚明光,揚明光
上市,3515,華擎,華擎
上市,3518,柏騰,柏騰
上市,3528,安馳,安馳
上市,3530,晶相光,晶相光
上市,3532,台勝科,台勝科
上市,3533,嘉澤,嘉澤
上市,3535,晶彩科,晶彩科
上市,3543,州巧,州巧
上市,3545,敦泰,敦泰
上市,3550,聯穎,聯穎
上市,3557,嘉威,嘉威
上市,3563,牧德,牧德
上市,3576,聯合再生,聯合再生
上市,3583,辛耘,辛耘
上市,3588,通嘉,通嘉
上市,3591,艾笛森,艾笛森
上市,3592,瑞鼎,瑞鼎
上市,3593,力銘,力銘
上市,3596,智易,智易
上市,3605,宏致,宏致
上市,3607,谷崧,谷崧
上市,3617,碩天,碩天
上市,3622,洋華,洋華
上市,3645,達邁,達邁
上市,3652,精聯,精聯
上市,3653,健策,健策
上市,3661,世芯-KY,世芯
上市,3665,貿聯-KY,貿聯
上市,3669,圓展,圓展
上市,3673,TPK-KY,TPK
上市,3679,新至陞,新至陞
上市,3686,達能,達能
上市,3694,海華,海華
上市,3701,大眾控,大眾控
上市,3702,大聯大,大聯大
上市,3703,欣陸,欣陸
上市,3704,合勤控,合勤控
上市,3705,永信,永信
上市,3706,神達,神達
上市,3708,上緯投控,上緯投控
上市,3711,日月光投控,日月光投控
上市,3712,永崴投控,永崴投控
上市,3714,富采,富采
上市,3715,定穎投控,定穎投控
上市,3716,中化控股,中化控股
上市,3717,聯嘉投控,聯嘉投控
上市,4104,佳醫,佳醫
上市,4106,雃博,雃博
上市,4108,懷特,懷特
上市,4119,旭富,旭富
上市,4133,亞諾法,亞諾法
上市,4137,麗豐-KY,麗豐
上市,4142,國光生,國光生
上市,4148,全宇生技-KY,全宇生技
上市,4155,訊映,訊映
上市,4164,承業醫,承業醫
上市,4190,佐登-KY,佐登
上市,4306,炎洲,炎洲
上市,4414,如興,如興
上市,4426,利勤,利勤
上市,4438,廣越,廣越
上市,4439,冠星-KY,冠星
上市,4440,宜新實業,宜新實業
上市,4526,東台,東台
上市,4532,瑞智,瑞智
上市,4536,拓凱,拓凱
上市,4540,全球傳動,全球傳動
上市,4545,銘鈺,銘鈺
上市,4551,智伸科,智伸科
上市,4552,力達-KY,力達
上市,4555,氣立,氣立
上市,4557,永新-KY,永新
上市,4560,強信-KY,強信
上市,4562,穎漢,穎漢
上市,4564,元翎,元翎
上市,4566,時碩工業,時碩工業
上市,4569,六方科-KY,六方科
上市,4571,鈞興-KY,鈞興
上市,4572,駐龍,駐龍
上市,4576,大銀微系統,大銀微系統
上市,4581,光隆精密-KY,光隆精密
上市,4583,台灣精銳,台灣精銳
上市,4588,玖鼎電力,玖鼎電力
上市,4720,德淵,德淵
上市,4722,國精化,國精化
上市,4736,泰博,泰博
上市,4737,華廣,華廣
上市,4739,康普,康普
上市,4746,台耀,台耀
上市,4755,三福化,三福化
上市,4763,材料*-KY,材料
上市,4764,雙鍵,雙鍵
上市,4766,南寶,南寶
上市,4770,上品,上品
上市,4771,望隼,望隼
上市,4807,日成-KY,日成
上市,4904,遠傳,遠傳
上市,4906,正文,正文
上市,4912,聯德控股-KY,聯德控股
上市,4915,致伸,致伸
上市,4916,事欣科,事欣科
上市,4919,新唐,新唐
上市,4927,泰鼎-KY,泰鼎
上市,4930,燦星網,燦星網
上市,4934,太極,太極
上市,4935,茂林-KY,茂林
上市,4938,和碩,和碩
上市,4942,嘉彰,嘉彰
上市,4943,康控-KY,康控
上市,4949,有成精密,有成精密
上市,4952,凌通,凌通
上市,4956,光鋐,光鋐
上市,4958,臻鼎-KY,臻鼎
上市,4960,誠美材,誠美材
上市,4961,天鈺,天鈺
上市,4967,十銓,十銓
上市,4968,立積,立積
上市,4976,佳凌,佳凌
上市,4977,眾達-KY,眾達
上市,4989,榮科,榮科
上市,4994,傳奇,傳奇
上市,4999,鑫禾,鑫禾
上市,5007,三星,三星
上市,5203,訊連,訊連
上市,5215,科嘉-KY,科嘉
上市,5222,全訊,全訊
上市,5225,東科-KY,東科
上市,5234,達興材料,達興材料
上市,5243,乙盛-KY,乙盛
上市,5244,弘凱,弘凱
上市,5258,虹堡,虹堡
上市,5269,祥碩,祥碩
上市,5283,禾聯碩,禾聯碩
上市,5284,jpp-KY,jpp
上市,5285,界霖,界霖
上市,5288,豐祥-KY,豐祥
上市,5292,華懋,華懋
上市,5306,桂盟,桂盟
上市,5388,中磊,中磊
上市,5434,崇越,崇越
上市,5469,瀚宇博,瀚宇博
上市,5471,松翰,松翰
上市,5484,慧友,慧友
上市,5515,建國,建國
上市,5519,隆大,隆大
上市,5521,工信,工信
上市,5522,遠雄,遠雄
上市,5525,順天,順天
上市,5531,鄉林,鄉林
上市,5533,皇鼎,皇鼎
上市,5534,長虹,長虹
上市,5538,東明-KY,東明
上市,5546,永固-KY,永固
上市,5607,遠雄港,遠雄港
上市,5608,四維航,四維航
上市,5706,鳳凰,鳳凰
上市,5871,中租-KY,中租
上市,5876,上海商銀,上海商銀
上市,5880,合庫金,合庫金
上市,5906,台南-KY,台南
上市,5907,大洋-KY,大洋
上市,6005,群益證,群益證
上市,6024,群益期,群益期
上市,6108,競國,競國
上市,6112,邁達特,邁達特
上市,6115,鎰勝,鎰勝
上市,6116,彩晶,彩晶
上市,6117,迎廣,迎廣
上市,6120,達運,達運
上市,6128,上福,上福
上市,6133,金橋,金橋
上市,6136,富爾特,富爾特
上市,6139,亞翔,亞翔
上市,6141,柏承,柏承
上市,6142,友勁,友勁
上市,6152,百一,百一
上市,6153,嘉聯益,嘉聯益
上市,6155,鈞寶,鈞寶
上市,6164,華興,華興
上市,6165,浪凡,浪凡
上市,6166,凌華,凌華
上市,6168,宏齊,宏齊
上市,6176,瑞儀,瑞儀
上市,6177,達麗,達麗
上市,6183,關貿,關貿
上市,6184,大豐電,大豐電
上市,6189,豐藝,豐藝
上市,6191,精成科,精成科
上市,6192,巨路,巨路
上市,6196,帆宣,帆宣
上市,6197,佳必琪,佳必琪
上市,6201,亞弘電,亞弘電
上市,6202,盛群,盛群
上市,6205,詮欣,詮欣
上市,6206,飛捷,飛捷
上市,6209,今國光,今國光
上市,6213,聯茂,聯茂
上市,6214,精誠,精誠
上市,6215,和椿,和椿
上市,6216,居易,居易
上市,6224,聚鼎,聚鼎
上市,6225,天瀚,天瀚
上市,6226,光鼎,光鼎
上市,6230,尼得科超眾,尼得科超眾
上市,6235,華孚,華孚
上市,6239,力成,力成
上市,6243,迅杰,迅杰
上市,6257,矽格,矽格
上市,6269,台郡,台郡
上市,6271,同欣電,同欣電
上市,6277,宏正,宏正
上市,6278,台表科,台表科
上市,6281,全國電,全國電
上市,6282,康舒,康舒
上市,6283,淳安,淳安
上市,6285,啟碁,啟碁
上市,6405,悅城,悅城
上市,6409,旭隼,旭隼
上市,6412,群電,群電
上市,6414,樺漢,樺漢
上市,6415,矽力*-KY,矽力
上市,6416,瑞祺電通,瑞祺電通
上市,6426,統新,統新
上市,6431,光麗-KY,光麗
上市,6438,迅得,迅得
上市,6442,光聖,光聖
上市,6443,元晶,元晶
上市,6446,藥華藥,藥華藥
上市,6449,鈺邦,鈺邦
上市,6451,訊芯-KY,訊芯
上市,6456,GIS-KY,GIS
上市,6464,台數科,台數科
上市,6472,保瑞,保瑞
上市,6477,安集,安集
上市,6491,晶碩,晶碩
上市,6504,南六,南六
上市,6505,台塑化,台塑化
上市,6515,穎崴,穎崴
上市,6525,捷敏-KY,捷敏
上市,6526,達發,達發
上市,6531,愛普*,愛普
上市,6533,晶心科,晶心科
上市,6541,泰福-KY,泰福
上市,6550,北極星藥業-K,北極星藥業-K
上市,6552,易華電,易華電
上市,6558,興能高,興能高
上市,6573,虹揚-KY,虹揚
上市,6579,研揚,研揚
上市,6581,鋼聯,鋼聯
上市,6582,申豐,申豐
上市,6585,鼎基,鼎基
上市,6589,台康生技,台康生技
上市,6591,動力-KY,動力
上市,6592,和潤企業,和潤企業
上市,6598,ABC-KY,ABC
上市,6605,帝寶,帝寶
上市,6606,建德工業,建德工業
上市,6625,必應,必應
上市,6641,基士德-KY,基士德
上市,6655,科定,科定
上市,6657,華安,華安
上市,6658,聯策,聯策
上市,6666,羅麗芬-KY,羅麗芬
上市,6668,中揚光,中揚光
上市,6669,緯穎,緯穎
上市,6670,復盛應用,復盛應用
上市,6671,三能-KY,三能
上市,6672,騰輝電子-KY,騰輝電子
上市,6674,鋐寶科技,鋐寶科技
上市,6689,伊雲谷,伊雲谷
上市,6691,洋基工程,洋基工程
上市,6695,芯鼎,芯鼎
上市,6698,旭暉應材,旭暉應材
上市,6706,惠特,惠特
上市,6715,嘉基,嘉基
上市,6719,力智,力智
上市,6742,澤米,澤米
上市,6743,安普新,安普新
上市,6753,龍德造船,龍德造船
上市,6754,匯僑設計,匯僑設計
上市,6756,威鋒電子,威鋒電子
上市,6757,台灣虎航,台灣虎航
上市,6768,志強-KY,志強
上市,6770,力積電,力積電
上市,6776,展碁國際,展碁國際
上市,6781,AES-KY,AES
上市,6782,視陽,視陽
上市,6789,采鈺,采鈺
上市,6790,永豐實,永豐實
上市,6792,詠業,詠業
上市,6796,晉弘,晉弘
上市,6799,來頡,來頡
上市,6805,富世達,富世達
上市,6806,森崴能源,森崴能源
上市,6807,峰源-KY,峰源
上市,6830,汎銓,汎銓
上市,6834,天二科技,天二科技
上市,6835,圓裕,圓裕
上市,6838,台新藥,台新藥
上市,6861,睿生光電,睿生光電
上市,6862,三集瑞-KY,三集瑞
上市,6863,永道-KY,永道
上市,6869,雲豹能源,雲豹能源
上市,6873,泓德能源,泓德能源
上市,6885,全福生技,全福生技
上市,6887,寶綠特-KY,寶綠特
上市,6890,來億-KY,來億
上市,6901,鑽石投資,鑽石投資
上市,6902,GOGOLOO,GOGOLOO
上市,6906,現觀科,現觀科
上市,6909,創控,創控
上市,6914,阜爾運通,阜爾運通
上市,6916,華凌,華凌
上市,6918,愛派司,愛派司
上市,6919,康霈*,康霈
上市,6923,中台,中台
上市,6928,攸泰科技,攸泰科技
上市,6931,青松健康,青松健康
上市,6933,AMAX-KY,AMAX
上市,6936,永鴻生技,永鴻生技
上市,6937,天虹,天虹
上市,6944,兆聯實業,兆聯實業
上市,6952,大武山,大武山
上市,6957,裕慶-KY,裕慶
上市,6958,日盛台駿,日盛台駿
上市,6962,奕力-KY,奕力
上市,6965,中傑-KY,中傑
上市,6994,富威電力,富威電力
上市,7705,三商餐飲,三商餐飲
上市,7721,微程式,微程式
上市,7722,LINEPAY,LINEPAY
上市,7732,金興精密,金興精密
上市,7736,虎山,虎山
上市,7749,意騰-KY,意騰
上市,8011,台通,台通
上市,8016,矽創,矽創
上市,8021,尖點,尖點
上市,8028,昇陽半導體,昇陽半導體
上市,8033,雷虎,雷虎
上市,8039,台虹,台虹
上市,8045,達運光電,達運光電
上市,8046,南電,南電
上市,8070,長華*,長華
上市,8072,陞泰,陞泰
上市,8081,致新,致新
上市,8101,華冠,華冠
上市,8103,瀚荃,瀚荃
上市,8104,錸寶,錸寶
上市,8105,凌巨,凌巨
上市,8110,華東,華東
上市,8112,至上,至上
上市,8114,振樺電,振樺電
上市,8131,福懋科,福懋科
上市,8150,南茂,南茂
上市,8163,達方,達方
上市,8201,無敵,無敵
上市,8210,勤誠,勤誠
上市,8213,志超,志超
上市,8215,明基材,明基材
上市,8222,寶一,寶一
上市,8249,菱光,菱光
上市,8261,富鼎,富鼎
上市,8271,宇瞻,宇瞻
上市,8341,日友,日友
上市,8367,建新國際,建新國際
上市,8374,羅昇,羅昇
上市,8404,百和興業-KY,百和興業
上市,8411,福貞-KY,福貞
上市,8422,可寧衛,可寧衛
上市,8429,金麗-KY,金麗
上市,8438,昶昕,昶昕
上市,8442,威宏-KY,威宏
上市,8443,阿瘦,阿瘦
上市,8454,富邦媒,富邦媒
上市,8462,柏文,柏文
上市,8463,潤泰材,潤泰材
上市,8464,億豐,億豐
上市,8466,美吉吉-KY,美吉吉
上市,8467,波力-KY,波力
上市,8473,山林水,山林水
上市,8476,台境*,台境
上市,8478,東哥遊艇,東哥遊艇
上市,8481,政伸,政伸
上市,8482,商億-KY,商億
上市,8488,吉源-KY,吉源
上市,8499,鼎炫-KY,鼎炫
上市,8926,台汽電,台汽電
上市,8940,新天地,新天地
上市,8996,高力,高力
上市,9802,鈺齊-KY,鈺齊
上市,9902,台火,台火
上市,9904,寶成,寶成
上市,9905,大華,大華
上市,9906,欣巴巴,欣巴巴
上市,9907,統一實,統一實
上市,9908,大台北,大台北
上市,9910,豐泰,豐泰
上市,9911,櫻花,櫻花
上市,9912,偉聯,偉聯
上市,9914,美利達,美利達
上市,9917,中保科,中保科
上市,9918,欣天然,欣天然
上市,9919,康那香,康那香
上市,9921,巨大,巨大
上市,9924,福興,福興
上市,9925,新保,新保
上市,9926,新海,新海
上市,9927,泰銘,泰銘
上市,9928,中視,中視
上市,9929,秋雨,秋雨
上市,9930,中聯資源,中聯資源
上市,9931,欣高,欣高
上市,9933,中鼎,中鼎
上市,9934,成霖,成霖
上市,9935,慶豐富,慶豐富
上市,9937,全國,全國
上市,9938,百和,百和
上市,9939,宏全,宏全
上市,9940,信義,信義
上市,9941,裕融,裕融
上市,9942,茂順,茂順
上市,9943,好樂迪,好樂迪
上市,9944,新麗,新麗
上市,9945,潤泰新,潤泰新
上市,9946,三發地產,三發地產
上市,9955,佳龍,佳龍
上市,9958,世紀鋼,世紀鋼
上櫃,1240,茂生農經,茂生農經
上櫃,1259,安心,安心
上櫃,1264,德麥,德麥
上櫃,1268,漢來美食,漢來美食
上櫃,1294,漢田生技,漢田生技
上櫃,1295,生合,生合
上櫃,1336,台翰,台翰
上櫃,1565,精華,精華
上櫃,1569,濱川,濱川
上櫃,1570,力肯,力肯
上櫃,1580,新麥,新麥
上櫃,1584,精剛,精剛
上櫃,1586,和勤,和勤
上櫃,1591,駿吉-KY ,駿吉
上櫃,1593,祺驊,祺驊
上櫃,1595,川寶,川寶
上櫃,1599,宏佳騰,宏佳騰
上櫃,1742,台蠟,台蠟
上櫃,1777,生泰,生泰
上櫃,1781,合世,合世
上櫃,1784,訊聯,訊聯
上櫃,1785,光洋科,光洋科
上櫃,1788,杏昌,杏昌
上櫃,1796,金穎生技,金穎生技
上櫃,1799,易威,易威
上櫃,1813,寶利徠,寶利徠
上櫃,1815,富喬,富喬
上櫃,2035,唐榮,唐榮
上櫃,2061,風青,風青
上櫃,2063,世鎧,世鎧
上櫃,2064,晉椿,晉椿
上櫃,2065,世豐,世豐
上櫃,2066,世德,世德
上櫃,2067,嘉鋼,嘉鋼
上櫃,2070,精湛,精湛
上櫃,2073,雄順,雄順
上櫃,2221,大甲,大甲
上櫃,2230,泰茂,泰茂
上櫃,2235,謚源,謚源
上櫃,2596,綠意,綠意
上櫃,2640,大車隊,大車隊
上櫃,2641,正德,正德
上櫃,2643,捷迅,捷迅
上櫃,2718,全心投控,全心投控
上櫃,2719,燦星旅,燦星旅
上櫃,2724,藝舍-KY ,藝舍
上櫃,2726,雅茗-KY ,雅茗
上櫃,2729,瓦城,瓦城
上櫃,2732,六角,六角
上櫃,2734,易飛網,易飛網
上櫃,2736,富野,富野
上櫃,2740,天蔥,天蔥
上櫃,2743,山富,山富
上櫃,2745,五福,五福
上櫃,2751,王座,王座
上櫃,2752,豆府,豆府
上櫃,2754,亞洲藏壽司,亞洲藏壽司
上櫃,2755,揚秦,揚秦
上櫃,2756,聯發國際,聯發國際
上櫃,2916,滿心,滿心
上櫃,2924,宏太-KY ,宏太
上櫃,2926,誠品生活,誠品生活
上櫃,2937,集雅社,集雅社
上櫃,2941,米斯特,米斯特
上櫃,2947,振宇五金,振宇五金
上櫃,2948,寶陞,寶陞
上櫃,2949,欣新網,欣新網
上櫃,3064,泰偉,泰偉
上櫃,3066,李洲,李洲
上櫃,3067,全域,全域
上櫃,3071,協禧,協禧
上櫃,3073,天方能源,天方能源
上櫃,3078,僑威,僑威
上櫃,3081,聯亞,聯亞
上櫃,3083,網龍,網龍
上櫃,3085,新零售,新零售
上櫃,3086,華義,華義
上櫃,3088,艾訊,艾訊
上櫃,3093,港建* ,港建
上櫃,3095,及成,及成
上櫃,3105,穩懋,穩懋
上櫃,3114,好德,好德
上櫃,3115,富榮綱,富榮綱
上櫃,3118,進階,進階
上櫃,3122,笙泉,笙泉
上櫃,3128,昇銳,昇銳
上櫃,3131,弘塑,弘塑
上櫃,3141,晶宏,晶宏
上櫃,3147,大綜,大綜
上櫃,3152,璟德,璟德
上櫃,3162,精確,精確
上櫃,3163,波若威,波若威
上櫃,3169,亞信,亞信
上櫃,3171,炎洲流通,炎洲流通
上櫃,3176,基亞,基亞
上櫃,3178,公準,公準
上櫃,3188,鑫龍騰,鑫龍騰
上櫃,3191,雲嘉南,雲嘉南
上櫃,3205,佰研,佰研
上櫃,3206,志豐,志豐
上櫃,3207,耀勝,耀勝
上櫃,3211,順達,順達
上櫃,3213,茂訊,茂訊
上櫃,3217,優群,優群
上櫃,3218,大學光,大學光
上櫃,3219,倚強科,倚強科
上櫃,3221,台嘉碩,台嘉碩
上櫃,3224,三顧,三顧
上櫃,3226,龍鋒,龍鋒
上櫃,3227,原相,原相
上櫃,3228,金麗科,金麗科
上櫃,3230,錦明,錦明
上櫃,3232,昱捷,昱捷
上櫃,3234,光環,光環
上櫃,3236,千如,千如
上櫃,3252,海灣,海灣
上櫃,3259,鑫創,鑫創
上櫃,3260,威剛,威剛
上櫃,3264,欣銓,欣銓
上櫃,3265,台星科,台星科
上櫃,3268,海德威,海德威
上櫃,3272,東碩,東碩
上櫃,3276,宇環,宇環
上櫃,3284,太普高,太普高
上櫃,3285,微端,微端
上櫃,3287,廣寰科,廣寰科
上櫃,3288,點晶,點晶
上櫃,3289,宜特,宜特
上櫃,3290,東浦,東浦
上櫃,3293,鈊象,鈊象
上櫃,3294,英濟,英濟
上櫃,3297,杭特,杭特
上櫃,3303,岱稜,岱稜
上櫃,3306,鼎天,鼎天
上櫃,3310,佳穎,佳穎
上櫃,3313,斐成,斐成
上櫃,3317,尼克森,尼克森
上櫃,3322,建舜電,建舜電
上櫃,3323,加百裕,加百裕
上櫃,3324,雙鴻,雙鴻
上櫃,3325,旭品,旭品
上櫃,3332,幸康,幸康
上櫃,3339,泰谷,泰谷
上櫃,3349,寶德,寶德
上櫃,3354,律勝,律勝
上櫃,3357,臺慶科,臺慶科
上櫃,3360,尚立,尚立
上櫃,3362,先進光,先進光
上櫃,3363,上詮,上詮
上櫃,3372,典範,典範
上櫃,3373,熱映,熱映
上櫃,3374,精材,精材
上櫃,3379,彬台,彬台
上櫃,3388,崇越電,崇越電
上櫃,3390,旭軟,旭軟
上櫃,3402,漢科,漢科
上櫃,3426,台興,台興
上櫃,3430,奇鈦科,奇鈦科
上櫃,3434,哲固,哲固
上櫃,3438,類比科,類比科
上櫃,3441,聯一光,聯一光
上櫃,3444,利機,利機
上櫃,3455,由田,由田
上櫃,3465,進泰電子,進泰電子
上櫃,3466,德晉,德晉
上櫃,3467,台灣精材,台灣精材
上櫃,3479,安勤,安勤
上櫃,3483,力致,力致
上櫃,3484,崧騰,崧騰
上櫃,3489,森寶,森寶
上櫃,3490,單井,單井
上櫃,3491,昇達科,昇達科
上櫃,3492,長盛,長盛
上櫃,3498,陽程,陽程
上櫃,3499,環天科,環天科
上櫃,3508,位速,位速
上櫃,3511,矽瑪,矽瑪
上櫃,3512,皇龍,皇龍
上櫃,3516,亞帝歐,亞帝歐
上櫃,3520,華盈,華盈
上櫃,3521,鴻翊,鴻翊
上櫃,3522,御嵿,御嵿
上櫃,3523,迎輝,迎輝
上櫃,3526,凡甲,凡甲
上櫃,3527,聚積,聚積
上櫃,3529,力旺,力旺
上櫃,3531,先益,先益
上櫃,3537,堡達,堡達
上櫃,3540,曜越,曜越
上櫃,3541,西柏,西柏
上櫃,3546,宇峻,宇峻
上櫃,3548,兆利,兆利
上櫃,3551,世禾,世禾
上櫃,3552,同致,同致
上櫃,3555,博士旺,博士旺
上櫃,3556,禾瑞亞,禾瑞亞
上櫃,3558,神準,神準
上櫃,3564,其陽,其陽
上櫃,3567,逸昌,逸昌
上櫃,3570,大塚,大塚
上櫃,3577,泓格,泓格
上櫃,3580,友威科,友威科
上櫃,3581,博磊,博磊
上櫃,3587,閎康,閎康
上櫃,3594,磐儀,磐儀
上櫃,3597,映興,映興
上櫃,3609,三一東林,三一東林
上櫃,3611,鼎翰,鼎翰
上櫃,3615,安可,安可
上櫃,3623,富晶通,富晶通
上櫃,3624,光頡,光頡
上櫃,3625,西勝,西勝
上櫃,3628,盈正,盈正
上櫃,3629,地心引力,地心引力
上櫃,3630,新鉅科,新鉅科
上櫃,3631,晟楠,晟楠
上櫃,3632,研勤,研勤
上櫃,3646,艾恩特,艾恩特
上櫃,3663,鑫科,鑫科
上櫃,3664,安瑞-KY ,安瑞
上櫃,3666,光耀,光耀
上櫃,3672,康聯訊,康聯訊
上櫃,3675,德微,德微
上櫃,3680,家登,家登
上櫃,3684,榮昌,榮昌
上櫃,3685,元創精密,元創精密
上櫃,3687,歐買尬,歐買尬
上櫃,3689,湧德,湧德
上櫃,3691,碩禾,碩禾
上櫃,3693,營邦,營邦
上櫃,3707,漢磊,漢磊
上櫃,3709,鑫聯大投控,鑫聯大投控
上櫃,3710,連展投控,連展投控
上櫃,3713,新晶投控,新晶投控
上櫃,4102,永日,永日
上櫃,4105,東洋,東洋
上櫃,4107,邦特,邦特
上櫃,4109,加捷生醫,加捷生醫
上櫃,4111,濟生,濟生
上櫃,4113,聯上,聯上
上櫃,4114,健喬,健喬
上櫃,4116,明基醫,明基醫
上櫃,4120,友華,友華
上櫃,4121,優盛,優盛
上櫃,4123,晟德,晟德
上櫃,4126,太醫,太醫
上櫃,4127,天良,天良
上櫃,4128,中天,中天
上櫃,4129,聯合,聯合
上櫃,4130,健亞,健亞
上櫃,4131,浩泰,浩泰
上櫃,4138,曜亞,曜亞
上櫃,4139,馬光-KY ,馬光
上櫃,4147,中裕,中裕
上櫃,4153,鈺緯,鈺緯
上櫃,4154,樂威科-KY ,樂威科
上櫃,4157,太景*-KY,太景
上櫃,4160,訊聯基因,訊聯基因
上櫃,4161,聿新科,聿新科
上櫃,4162,智擎,智擎
上櫃,4163,鐿鈦,鐿鈦
上櫃,4166,友霖,友霖
上櫃,4167,松瑞藥,松瑞藥
上櫃,4168,醣聯,醣聯
上櫃,4171,瑞基,瑞基
上櫃,4173,久裕,久裕
上櫃,4174,浩鼎,浩鼎
上櫃,4175,杏一,杏一
上櫃,4183,福永生技,福永生技
上櫃,4188,安克,安克
上櫃,4192,杏國,杏國
上櫃,4198,欣大健康,欣大健康
上櫃,4205,中華食,中華食
上櫃,4207,環泰,環泰
上櫃,4303,信立,信立
上櫃,4304,勝昱,勝昱
上櫃,4305,世坤,世坤
上櫃,4401,東隆興,東隆興
上櫃,4402,郡都開發,郡都開發
上櫃,4406,新昕纖,新昕纖
上櫃,4413,飛寶企業,飛寶企業
上櫃,4416,三圓,三圓
上櫃,4417,金洲,金洲
上櫃,4419,皇家美食,皇家美食
上櫃,4420,光明,光明
上櫃,4430,耀億,耀億
上櫃,4432,銘旺實,銘旺實
上櫃,4433,興采,興采
上櫃,4442,竣邦-KY ,竣邦
上櫃,4502,健信,健信
上櫃,4503,金雨,金雨
上櫃,4506,崇友,崇友
上櫃,4510,高鋒,高鋒
上櫃,4513,福裕,福裕
上櫃,4523,永彰,永彰
上櫃,4527,方土霖,方土霖
上櫃,4528,江興鍛,江興鍛
上櫃,4529,淳紳,淳紳
上櫃,4530,宏易,宏易
上櫃,4533,協易機,協易機
上櫃,4534,慶騰,慶騰
上櫃,4535,至興,至興
上櫃,4538,大詠城,大詠城
上櫃,4541,晟田,晟田
上櫃,4542,科嶠,科嶠
上櫃,4543,萬在,萬在
上櫃,4549,桓達,桓達
上櫃,4550,長佳,長佳
上櫃,4554,橙的,橙的
上櫃,4556,旭然,旭然
上櫃,4558,寶緯,寶緯
上櫃,4561,健椿,健椿
上櫃,4563,百德,百德
上櫃,4568,科際精密,科際精密
上櫃,4577,達航科技,達航科技
上櫃,4580,捷流閥業,捷流閥業
上櫃,4584,君帆,君帆
上櫃,4609,唐鋒,唐鋒
上櫃,4702,中美實,中美實
上櫃,4706,大恭,大恭
上櫃,4707,磐亞,磐亞
上櫃,4711,永純,永純
上櫃,4714,永捷,永捷
上櫃,4716,大立,大立
上櫃,4721,美琪瑪,美琪瑪
上櫃,4726,永昕,永昕
上櫃,4728,雙美,雙美
上櫃,4729,熒茂,熒茂
上櫃,4735,豪展,豪展
上櫃,4741,泓瀚,泓瀚
上櫃,4743,合一,合一
上櫃,4744,皇將,皇將
上櫃,4745,合富-KY ,合富
上櫃,4747,強生,強生
上櫃,4749,新應材,新應材
上櫃,4754,國碳科,國碳科
上櫃,4760,勤凱,勤凱
上櫃,4767,誠泰科技,誠泰科技
上櫃,4768,晶呈科技,晶呈科技
上櫃,4772,台特化,台特化
上櫃,4804,大略-KY ,大略
上櫃,4806,桂田文創,桂田文創
上櫃,4903,聯光通,聯光通
上櫃,4905,台聯電,台聯電
上櫃,4907,富宇,富宇
上櫃,4908,前鼎,前鼎
上櫃,4909,新復興,新復興
上櫃,4911,德英,德英
上櫃,4923,力士,力士
上櫃,4924,欣厚-KY ,欣厚
上櫃,4931,新盛力,新盛力
上櫃,4933,友輝,友輝
上櫃,4939,亞電,亞電
上櫃,4945,陞達科技,陞達科技
上櫃,4946,辣椒,辣椒
上櫃,4950,金耘國際,金耘國際
上櫃,4951,精拓科,精拓科
上櫃,4953,緯軟,緯軟
上櫃,4966,譜瑞-KY ,譜瑞
上櫃,4971,IET-KY,IET
上櫃,4972,湯石照明,湯石照明
上櫃,4973,廣穎,廣穎
上櫃,4974,亞泰,亞泰
上櫃,4979,華星光,華星光
上櫃,4987,科誠,科誠
上櫃,4991,環宇-KY ,環宇
上櫃,4995,晶達,晶達
上櫃,5009,榮剛,榮剛
上櫃,5011,久陽,久陽
上櫃,5013,強新,強新
上櫃,5014,建錩,建錩
上櫃,5015,華祺,華祺
上櫃,5016,松和,松和
上櫃,5201,凱衛,凱衛
上櫃,5202,力新,力新
上櫃,5205,中茂,中茂
上櫃,5206,坤悅,坤悅
上櫃,5209,新鼎,新鼎
上櫃,5210,寶碩,寶碩
上櫃,5211,蒙恬,蒙恬
上櫃,5212,凌網,凌網
上櫃,5213,亞昕,亞昕
上櫃,5220,萬達光電,萬達光電
上櫃,5223,安力-KY ,安力
上櫃,5227,立凱-KY ,立凱
上櫃,5228,鈺鎧,鈺鎧
上櫃,5230,雷笛克光學,雷笛克光學
上櫃,5236,凌陽創新,凌陽創新
上櫃,5245,智晶,智晶
上櫃,5251,天鉞電,天鉞電
上櫃,5263,智崴,智崴
上櫃,5272,笙科,笙科
上櫃,5274,信驊,信驊
上櫃,5276,達輝-KY ,達輝
上櫃,5278,尚凡* ,尚凡
上櫃,5287,數字,數字
上櫃,5289,宜鼎,宜鼎
上櫃,5291,邑昇,邑昇
上櫃,5299,杰力,杰力
上櫃,5301,寶得利,寶得利
上櫃,5302,太欣,太欣
上櫃,5309,系統電,系統電
上櫃,5310,天剛,天剛
上櫃,5312,寶島科,寶島科
上櫃,5314,世紀* ,世紀
上櫃,5315,光聯,光聯
上櫃,5321,美而快,美而快
上櫃,5324,士開,士開
上櫃,5328,華容,華容
上櫃,5340,建榮,建榮
上櫃,5344,立衛,立衛
上櫃,5345,馥鴻,馥鴻
上櫃,5347,世界,世界
上櫃,5348,正能量智能,正能量智能
上櫃,5351,鈺創,鈺創
上櫃,5353,台林,台林
上櫃,5355,佳總,佳總
上櫃,5356,協益,協益
上櫃,5364,力麗店,力麗店
上櫃,5371,中光電,中光電
上櫃,5381,合正,合正
上櫃,5386,青雲,青雲
上櫃,5392,能率,能率
上櫃,5398,慕康生醫,慕康生醫
上櫃,5403,中菲,中菲
上櫃,5410,國眾,國眾
上櫃,5425,台半,台半
上櫃,5426,振發,振發
上櫃,5432,新門,新門
上櫃,5438,東友,東友
上櫃,5439,高技,高技
上櫃,5443,均豪,均豪
上櫃,5450,南良,南良
上櫃,5452,佶優,佶優
上櫃,5455,昇益,昇益
上櫃,5457,宣德,宣德
上櫃,5460,同協,同協
上櫃,5464,霖宏,霖宏
上櫃,5465,富驊,富驊
上櫃,5468,凱鈺,凱鈺
上櫃,5474,聰泰,聰泰
上櫃,5475,德宏,德宏
上櫃,5478,智冠,智冠
上櫃,5483,中美晶,中美晶
上櫃,5487,通泰,通泰
上櫃,5488,松普,松普
上櫃,5489,彩富,彩富
上櫃,5490,同亨,同亨
上櫃,5493,三聯,三聯
上櫃,5498,凱崴,凱崴
上櫃,5508,永信建,永信建
上櫃,5511,德昌,德昌
上櫃,5512,力麒,力麒
上櫃,5514,三豐,三豐
上櫃,5516,雙喜,雙喜
上櫃,5520,力泰,力泰
上櫃,5523,豐謙,豐謙
上櫃,5529,鉅陞,鉅陞
上櫃,5530,龍巖,龍巖
上櫃,5536,聖暉* ,聖暉
上櫃,5543,桓鼎-KY ,桓鼎
上櫃,5548,安倉,安倉
上櫃,5601,台聯櫃,台聯櫃
上櫃,5603,陸海,陸海
上櫃,5604,中連,中連
上櫃,5609,中菲行,中菲行
上櫃,5701,劍湖山,劍湖山
上櫃,5703,亞都,亞都
上櫃,5704,老爺知,老爺知
上櫃,5864,致和證,致和證
上櫃,5878,台名,台名
上櫃,5902,德記,德記
上櫃,5903,全家,全家
上櫃,5904,寶雅,寶雅
上櫃,5905,南仁湖,南仁湖
上櫃,6015,宏遠證,宏遠證
上櫃,6016,康和證,康和證
上櫃,6020,大展證,大展證
上櫃,6021,美好證,美好證
上櫃,6023,元大期,元大期
上櫃,6026,福邦證,福邦證
上櫃,6101,寬魚國際,寬魚國際
上櫃,6103,合邦,合邦
上櫃,6104,創惟,創惟
上櫃,6109,亞元,亞元
上櫃,6111,大宇資,大宇資
上櫃,6113,亞矽,亞矽
上櫃,6114,久威,久威
上櫃,6118,建達,建達
上櫃,6121,新普,新普
上櫃,6122,擎邦,擎邦
上櫃,6123,上奇,上奇
上櫃,6124,業強,業強
上櫃,6125,廣運,廣運
上櫃,6126,信音,信音
上櫃,6127,九豪,九豪
上櫃,6129,普誠,普誠
上櫃,6130,上亞科技,上亞科技
上櫃,6134,萬旭,萬旭
上櫃,6138,茂達,茂達
上櫃,6140,訊達,訊達
上櫃,6143,振曜,振曜
上櫃,6144,得利影,得利影
上櫃,6146,耕興,耕興
上櫃,6147,頎邦,頎邦
上櫃,6148,驊宏資,驊宏資
上櫃,6150,撼訊,撼訊
上櫃,6151,晉倫,晉倫
上櫃,6154,順發,順發
上櫃,6156,松上,松上
上櫃,6158,禾昌,禾昌
上櫃,6160,欣技,欣技
上櫃,6161,捷波,捷波
上櫃,6163,華電網,華電網
上櫃,6167,久正,久正
上櫃,6169,昱泉,昱泉
上櫃,6170,統振,統振
上櫃,6171,大城地產,大城地產
上櫃,6173,信昌電,信昌電
上櫃,6174,安碁,安碁
上櫃,6175,立敦,立敦
上櫃,6179,亞通,亞通
上櫃,6180,橘子,橘子
上櫃,6182,合晶,合晶
上櫃,6185,幃翔,幃翔
上櫃,6186,新潤,新潤
上櫃,6187,萬潤,萬潤
上櫃,6188,廣明,廣明
上櫃,6190,萬泰科,萬泰科
上櫃,6194,育富,育富
上櫃,6195,詩肯,詩肯
上櫃,6198,瑞築,瑞築
上櫃,6199,天品,天品
上櫃,6203,海韻電,海韻電
上櫃,6204,艾華,艾華
上櫃,6207,雷科,雷科
上櫃,6208,日揚,日揚
上櫃,6210,慶生,慶生
上櫃,6212,理銘,理銘
上櫃,6217,中探針,中探針
上櫃,6218,豪勉,豪勉
上櫃,6219,富旺,富旺
上櫃,6220,岳豐,岳豐
上櫃,6221,晉泰,晉泰
上櫃,6222,立軒,立軒
上櫃,6223,旺矽,旺矽
上櫃,6227,茂綸,茂綸
上櫃,6228,全譜,全譜
上櫃,6229,研通,研通
上櫃,6231,系微,系微
上櫃,6233,旺玖,旺玖
上櫃,6234,高僑,高僑
上櫃,6236,中湛,中湛
上櫃,6237,驊訊,驊訊
上櫃,6240,松崗,松崗
上櫃,6241,易通展,易通展
上櫃,6242,立康,立康
上櫃,6244,茂迪,茂迪
上櫃,6245,立端,立端
上櫃,6246,臺龍,臺龍
上櫃,6248,沛波,沛波
上櫃,6259,百徽,百徽
上櫃,6261,久元,久元
上櫃,6263,普萊德,普萊德
上櫃,6264,富裔,富裔
上櫃,6265,方土昶,方土昶
上櫃,6266,泰詠,泰詠
上櫃,6270,倍微,倍微
上櫃,6274,台燿,台燿
上櫃,6275,元山,元山
上櫃,6276,安鈦克,安鈦克
上櫃,6279,胡連,胡連
上櫃,6284,佳邦,佳邦
上櫃,6290,良維,良維
上櫃,6291,沛亨,沛亨
上櫃,6292,迅德,迅德
上櫃,6294,智基,智基
上櫃,6411,晶焱,晶焱
上櫃,6417,韋僑,韋僑
上櫃,6418,詠昇,詠昇
上櫃,6419,京晨科,京晨科
上櫃,6425,易發,易發
上櫃,6432,今展科,今展科
上櫃,6435,大中,大中
上櫃,6441,廣錠,廣錠
上櫃,6461,益得,益得
上櫃,6462,神盾,神盾
上櫃,6465,威潤,威潤
上櫃,6469,大樹,大樹
上櫃,6470,宇智,宇智
上櫃,6482,弘煜科,弘煜科
上櫃,6485,點序,點序
上櫃,6486,互動,互動
上櫃,6488,環球晶,環球晶
上櫃,6492,生華科,生華科
上櫃,6494,九齊,九齊
上櫃,6496,科懋,科懋
上櫃,6498,久禾光,久禾光
上櫃,6499,益安,益安
上櫃,6506,雙邦,雙邦
上櫃,6508,惠光,惠光
上櫃,6509,聚和,聚和
上櫃,6510,精測,精測
上櫃,6512,啟發電,啟發電
上櫃,6516,勤崴國際,勤崴國際
上櫃,6517,保勝光學,保勝光學
上櫃,6523,達爾膚,達爾膚
上櫃,6527,明達醫,明達醫
上櫃,6530,創威,創威
上櫃,6532,瑞耘,瑞耘
上櫃,6535,順藥,順藥
上櫃,6538,倉和,倉和
上櫃,6542,隆中,隆中
上櫃,6546,正基,正基
上櫃,6547,高端疫苗,高端疫苗
上櫃,6548,長科* ,長科
上櫃,6556,勝品,勝品
上櫃,6560,欣普羅,欣普羅
上櫃,6561,是方,是方
上櫃,6568,宏觀,宏觀
上櫃,6569,醫揚,醫揚
上櫃,6570,維田,維田
上櫃,6574,霈方,霈方
上櫃,6576,逸達,逸達
上櫃,6577,勁豐,勁豐
上櫃,6578,達邦蛋白,達邦蛋白
上櫃,6584,南俊國際,南俊國際
上櫃,6588,東典光電,東典光電
上櫃,6590,普鴻,普鴻
上櫃,6593,台灣銘板,台灣銘板
上櫃,6596,寬宏藝術,寬宏藝術
上櫃,6597,立誠,立誠
上櫃,6603,富強鑫,富強鑫
上櫃,6609,瀧澤科,瀧澤科
上櫃,6612,奈米醫材,奈米醫材
上櫃,6613,朋億* ,朋億
上櫃,6615,慧智,慧智
上櫃,6616,特昇-KY ,特昇
上櫃,6617,共信-KY ,共信
上櫃,6624,萬年清,萬年清
上櫃,6629,泰金-KY ,泰金
上櫃,6637,醫影,醫影
上櫃,6640,均華,均華
上櫃,6642,富致,富致
上櫃,6643,M31 ,M31
上櫃,6649,台生材,台生材
上櫃,6651,全宇昕,全宇昕
上櫃,6654,天正國際,天正國際
上櫃,6661,威健生技,威健生技
上櫃,6662,樂斯科,樂斯科
上櫃,6664,群翊,群翊
上櫃,6667,信紘科,信紘科
上櫃,6679,鈺太,鈺太
上櫃,6680,鑫創電子,鑫創電子
上櫃,6683,雍智科技,雍智科技
上櫃,6684,安格,安格
上櫃,6690,安碁資訊,安碁資訊
上櫃,6692,進能服,進能服
上櫃,6693,廣閎科,廣閎科
上櫃,6697,東捷資訊,東捷資訊
上櫃,6703,軒郁,軒郁
上櫃,6708,天擎,天擎
上櫃,6712,長聖,長聖
上櫃,6716,應廣,應廣
上櫃,6720,久昌,久昌
上櫃,6721,信實,信實
上櫃,6727,亞泰金屬,亞泰金屬
上櫃,6728,上洋,上洋
上櫃,6732,昇佳電子,昇佳電子
上櫃,6733,博晟生醫,博晟生醫
上櫃,6735,美達科技,美達科技
上櫃,6739,竹陞科技,竹陞科技
上櫃,6741,91APP*-KY ,91APP
上櫃,6747,亨泰光,亨泰光
上櫃,6751,智聯服務,智聯服務
上櫃,6752,叡揚,叡揚
上櫃,6761,穩得,穩得
上櫃,6762,達亞,達亞
上櫃,6763,綠界科技* ,綠界科技
上櫃,6767,台微醫,台微醫
上櫃,6785,昱展新藥,昱展新藥
上櫃,6788,華景電,華景電
上櫃,6791,虎門科技,虎門科技
上櫃,6803,崑鼎,崑鼎
上櫃,6804,明係,明係
上櫃,6811,宏碁資訊,宏碁資訊
上櫃,6821,聯寶,聯寶
上櫃,6823,濾能,濾能
上櫃,6829,千附精密,千附精密
上櫃,6840,東研信超,東研信超
上櫃,6841,長佳智能,長佳智能
上櫃,6843,進典,進典
上櫃,6844,諾貝兒,諾貝兒
上櫃,6846,綠茵,綠茵
上櫃,6855,數泓科,數泓科
上櫃,6856,鑫傳,鑫傳
上櫃,6859,伯特光,伯特光
上櫃,6865,偉康科技,偉康科技
上櫃,6870,騰雲,騰雲
上櫃,6872,浩宇生醫,浩宇生醫
上櫃,6874,倍力,倍力
上櫃,6875,國邑* ,國邑
上櫃,6877,鏵友益,鏵友益
上櫃,6881,潤德,潤德
上櫃,6894,衛司特,衛司特
上櫃,6895,宏碩系統,宏碩系統
上櫃,6899,創為精密,創為精密
上櫃,6903,巨漢,巨漢
上櫃,6904,伯鑫,伯鑫
上櫃,6913,鴻呈,鴻呈
上櫃,6922,宸曜,宸曜
上櫃,6925,意藍,意藍
上櫃,6929,佑全,佑全
上櫃,6953,家碩,家碩
上櫃,6967,汎瑋材料,汎瑋材料
上櫃,6968,萬達寵物,萬達寵物
上櫃,6982,大井泵浦,大井泵浦
上櫃,6996,力領科技,力領科技
上櫃,6997,博弘,博弘
上櫃,7402,邑錡,邑錡
上櫃,7547,碩網,碩網
上櫃,7556,意德士,意德士
上櫃,7584,樂意,樂意
上櫃,7642,昶瑞機電,昶瑞機電
上櫃,7703,銳澤,銳澤
上櫃,7704,明遠精密,明遠精密
上櫃,7708,全家餐飲,全家餐飲
上櫃,7709,榮田,榮田
上櫃,7712,博盛半導體,博盛半導體
上櫃,7713,威力德生醫,威力德生醫
上櫃,7714,創泓科技,創泓科技
上櫃,7715,裕山,裕山
上櫃,7718,友鋮,友鋮
上櫃,7723,築間,築間
上櫃,7728,光焱科技,光焱科技
上櫃,7734,印能科技,印能科技
上櫃,7743,金利食安,金利食安
上櫃,7747,昕奇雲端,昕奇雲端
上櫃,7753,星亞,星亞
上櫃,8024,佑華,佑華
上櫃,8027,鈦昇,鈦昇
上櫃,8032,光菱,光菱
上櫃,8034,榮群,榮群
上櫃,8038,長園科,長園科
上櫃,8040,九暘,九暘
上櫃,8042,金山電,金山電
上櫃,8043,蜜望實,蜜望實
上櫃,8044,網家,網家
上櫃,8047,星雲,星雲
上櫃,8048,德勝,德勝
上櫃,8049,晶采,晶采
上櫃,8050,廣積,廣積
上櫃,8054,安國,安國
上櫃,8059,凱碩,凱碩
上櫃,8064,東捷,東捷
上櫃,8066,來思達,來思達
上櫃,8067,志旭,志旭
上櫃,8068,全達,全達
上櫃,8069,元太,元太
上櫃,8071,能率網通,能率網通
上櫃,8074,鉅橡,鉅橡
上櫃,8076,伍豐,伍豐
上櫃,8077,洛碁,洛碁
上櫃,8080,泰霖,泰霖
上櫃,8083,瑞穎,瑞穎
上櫃,8084,巨虹,巨虹
上櫃,8085,福華,福華
上櫃,8086,宏捷科,宏捷科
上櫃,8087,麗升能源,麗升能源
上櫃,8088,品安,品安
上櫃,8089,康全電訊,康全電訊
上櫃,8091,翔名,翔名
上櫃,8092,建暐,建暐
上櫃,8093,保銳,保銳
上櫃,8096,擎亞,擎亞
上櫃,8097,常珵,常珵
上櫃,8099,大世科,大世科
上櫃,8107,大億金茂,大億金茂
上櫃,8109,博大,博大
上櫃,8111,立碁,立碁
上櫃,8121,越峰,越峰
上櫃,8147,正淩,正淩
上櫃,8155,博智,博智
上櫃,8171,天宇,天宇
上櫃,8176,智捷,智捷
上櫃,8182,加高,加高
上櫃,8183,精星,精星
上櫃,8227,巨有科技,巨有科技
上櫃,8234,新漢,新漢
上櫃,8240,華宏,華宏
上櫃,8255,朋程,朋程
上櫃,8272,全景軟體,全景軟體
上櫃,8277,商丞,商丞
上櫃,8279,生展,生展
上櫃,8284,三竹,三竹
上櫃,8289,泰藝,泰藝
上櫃,8299,群聯,群聯
上櫃,8342,益張,益張
上櫃,8349,恒耀,恒耀
上櫃,8354,冠好,冠好
上櫃,8358,金居,金居
上櫃,8383,千附,千附
上櫃,8390,金益鼎,金益鼎
上櫃,8401,白紗科,白紗科
上櫃,8403,盛弘,盛弘
上櫃,8409,商之器,商之器
上櫃,8410,森田,森田
上櫃,8415,大國鋼,大國鋼
上櫃,8416,實威,實威
上櫃,8421,旭源,旭源
上櫃,8423,保綠-KY ,保綠
上櫃,8424,惠普,惠普
上櫃,8426,紅木-KY ,紅木
上櫃,8431,匯鑽科,匯鑽科
上櫃,8432,東生華,東生華
上櫃,8433,弘帆,弘帆
上櫃,8435,鉅邁,鉅邁
上櫃,8436,大江,大江
上櫃,8437,大地-KY ,大地
上櫃,8440,綠電,綠電
上櫃,8444,綠河-KY ,綠河
上櫃,8446,華研,華研
上櫃,8450,霹靂,霹靂
上櫃,8455,大拓-KY ,大拓
上櫃,8472,夠麻吉,夠麻吉
上櫃,8477,創業家,創業家
上櫃,8489,三貝德,三貝德
上櫃,8905,裕國,裕國
上櫃,8906,花王,花王
上櫃,8908,欣雄,欣雄
上櫃,8916,光隆,光隆
上櫃,8917,欣泰,欣泰
上櫃,8921,沈氏,沈氏
上櫃,8923,時報,時報
上櫃,8924,大田,大田
上櫃,8927,北基,北基
上櫃,8928,鉅明,鉅明
上櫃,8929,富堡,富堡
上櫃,8930,青鋼,青鋼
上櫃,8931,大汽電,大汽電
上櫃,8932,智通* ,智通
上櫃,8933,愛地雅,愛地雅
上櫃,8935,邦泰,邦泰
上櫃,8936,國統,國統
上櫃,8937,合騏,合騏
上櫃,8938,明安,明安
上櫃,8941,關中,關中
上櫃,8942,森鉅,森鉅
上櫃,9949,琉園,琉園
上櫃,9950,萬國通,萬國通
上櫃,9951,皇田,皇田
上櫃,9960,邁達康,邁達康
上櫃,9962,有益,有益
